Object_ID,Object_Length_cm,Object_Width_cm,Object_Height_cm,Object_Diameter_cm
1,21.0,,,21.0
2,18.0,,1.5,18.062391868188442
3,,,,
4,16.5,,,16.5
5,4.5,,,4.5
6,17.0,,2.0,17.11724276862369
7,,,,
8,,,,
9,25.4,,,25.4
10,21.0,,,21.0
11,2.0,,1.0,2.23606797749979
12,25.4,1.9,1.27,25.4
13,21.0,,,21.0
14,,,,
15,,,,
16,27.0,2.0,,27.073972741361768
17,21.5,,,21.5
18,24.13,,,24.13
